Day,Date,New Visitor,Returning Visitor
Monday,1/1/2018,9,36
Tuesday,1/2/2018,48,217
Wednesday,1/3/2018,6008,3094
Thursday,1/4/2018,6202,3455
Friday,1/5/2018,4619,3190
Saturday,1/6/2018,3569,1713
Sunday,1/7/2018,3801,2146
Monday,1/8/2018,5378,4394
Tuesday,1/9/2018,5182,4443
Wednesday,1/10/2018,4698,4188
Thursday,1/11/2018,5244,4308
Friday,1/12/2018,4068,3815
Saturday,1/13/2018,3105,2234
Sunday,1/14/2018,3163,2672
Monday,1/15/2018,3931,3734
Tuesday,1/16/2018,4757,5700
Wednesday,1/17/2018,4977,6143
Thursday,1/18/2018,5370,5212
Friday,1/19/2018,17,370
Saturday,1/20/2018,3,123
Sunday,1/21/2018,2,124
Monday,1/22/2018,3620,4131
Tuesday,1/23/2018,4656,5071
Wednesday,1/24/2018,4350,5326
Thursday,1/25/2018,4361,4974
Friday,1/26/2018,4578,4824
Saturday,1/27/2018,2923,2548
Sunday,1/28/2018,3259,3530
Monday,1/29/2018,4874,6051
Tuesday,1/30/2018,4483,5813
Wednesday,1/31/2018,4779,6418
Thursday,2/1/2018,4963,6221
Friday,2/2/2018,3700,4537
Saturday,2/3/2018,3678,2624
Sunday,2/4/2018,2690,2970
Monday,2/5/2018,4453,6221
Tuesday,2/6/2018,4109,5363
Wednesday,2/7/2018,4143,5610
Thursday,2/8/2018,4246,5055
Friday,2/9/2018,3747,4437
Saturday,2/10/2018,3163,2523
Sunday,2/11/2018,2904,3218
Monday,2/12/2018,4064,5504
Tuesday,2/13/2018,3799,5123
Wednesday,2/14/2018,3379,4296
Thursday,2/15/2018,3830,4704
Friday,2/16/2018,3416,4133
Saturday,2/17/2018,2746,2192
Sunday,2/18/2018,2493,2637
Monday,2/19/2018,3237,3733
Tuesday,2/20/2018,3961,5488
Wednesday,2/21/2018,4371,5766
Thursday,2/22/2018,4190,5216
Friday,2/23/2018,3914,4845
Saturday,2/24/2018,3381,2864
Sunday,2/25/2018,2981,3443
Monday,2/26/2018,4442,6041
Tuesday,2/27/2018,4178,5609
Wednesday,2/28/2018,4024,5719
Thursday,3/1/2018,3774,5339
Friday,3/2/2018,1571,2153
Saturday,3/3/2018,3069,2348
Sunday,3/4/2018,2941,3044
Monday,3/5/2018,5078,5432
Tuesday,3/6/2018,5621,5244
Wednesday,3/7/2018,4421,5288
Thursday,3/8/2018,4004,5394
Friday,3/9/2018,3592,4073
Saturday,3/10/2018,3494,2127
Sunday,3/11/2018,3543,2262
Monday,3/12/2018,4590,4203
Tuesday,3/13/2018,4928,4187
Wednesday,3/14/2018,5751,4975
Thursday,3/15/2018,8988,5165
Friday,3/16/2018,6460,4494
Saturday,3/17/2018,38707,4943
Sunday,3/18/2018,7525,6661
Monday,3/19/2018,6616,8192
Tuesday,3/20/2018,6006,7455
Wednesday,3/21/2018,5565,6858
Thursday,3/22/2018,13616,6725
Friday,3/23/2018,5921,6249
Saturday,3/24/2018,3781,3224
Sunday,3/25/2018,3631,4054
Monday,3/26/2018,4567,7176
Tuesday,3/27/2018,4377,7681
Wednesday,3/28/2018,4106,7023
Thursday,3/29/2018,3647,5419
Friday,3/30/2018,2847,3152
Saturday,3/31/2018,2901,2510
Sunday,4/1/2018,2719,2694
Monday,4/2/2018,4080,4594
Tuesday,4/3/2018,4006,6730
Wednesday,4/4/2018,3770,6494
Thursday,4/5/2018,3815,5955
Friday,4/6/2018,3352,5200
Saturday,4/7/2018,2663,3143
Sunday,4/8/2018,2847,4170
Monday,4/9/2018,4028,7316
Tuesday,4/10/2018,3895,6986
Wednesday,4/11/2018,4028,7111
Thursday,4/12/2018,3901,6407
Friday,4/13/2018,4031,6045
Saturday,4/14/2018,3283,4175
Sunday,4/15/2018,3326,4833
Monday,4/16/2018,4226,7344
Tuesday,4/17/2018,4088,7009
Wednesday,4/18/2018,3908,6936
Thursday,4/19/2018,4578,6779
Friday,4/20/2018,3753,5462
Saturday,4/21/2018,2150,2783
Sunday,4/22/2018,3729,3662
Monday,4/23/2018,3766,6932
Tuesday,4/24/2018,3516,6180
Wednesday,4/25/2018,3536,5941
Thursday,4/26/2018,3223,5598
Friday,4/27/2018,3028,4581
Saturday,4/28/2018,2181,3048
Sunday,4/29/2018,2584,3948
Monday,4/30/2018,3744,7075
Tuesday,5/1/2018,3685,6322
Wednesday,5/2/2018,3462,5866
Thursday,5/3/2018,3402,5594
Friday,5/4/2018,3057,4732
Saturday,5/5/2018,2181,2838
Sunday,5/6/2018,2586,4158
Monday,5/7/2018,3667,7134
Tuesday,5/8/2018,3645,6833
Wednesday,5/9/2018,3613,6206
Thursday,5/10/2018,3540,5579
Friday,5/11/2018,3540,4854
Saturday,5/12/2018,3280,3710
Sunday,5/13/2018,2735,3549
Monday,5/14/2018,3343,4835
Tuesday,5/15/2018,3479,4389
Wednesday,5/16/2018,3343,4752
Thursday,5/17/2018,3371,4413
Friday,5/18/2018,3781,4254
Saturday,5/19/2018,2298,2501
Sunday,5/20/2018,2106,2165
Monday,5/21/2018,4135,4745
Tuesday,5/22/2018,4896,5252
Wednesday,5/23/2018,3588,4244
Thursday,5/24/2018,3036,3554
Friday,5/25/2018,2606,3041
Saturday,5/26/2018,1894,1712
Sunday,5/27/2018,1718,1528
Monday,5/28/2018,2038,2151
Tuesday,5/29/2018,2903,4006
Wednesday,5/30/2018,3220,4169
Thursday,5/31/2018,2940,3867
Friday,6/1/2018,2598,3540
Saturday,6/2/2018,1844,1886
Sunday,6/3/2018,1969,1890
Monday,6/4/2018,2911,3669
Tuesday,6/5/2018,2751,3498
Wednesday,6/6/2018,2599,3353
Thursday,6/7/2018,2553,3265
Friday,6/8/2018,2415,3090
Saturday,6/9/2018,1761,1667
Sunday,6/10/2018,1844,1838
Monday,6/11/2018,2889,3856
Tuesday,6/12/2018,2738,3759
Wednesday,6/13/2018,2645,3687
Thursday,6/14/2018,2580,3879
Friday,6/15/2018,2373,3144
Saturday,6/16/2018,1629,1684
Sunday,6/17/2018,1733,1717
Monday,6/18/2018,2567,3521
Tuesday,6/19/2018,2436,3356
Wednesday,6/20/2018,2381,3198
Thursday,6/21/2018,3145,3166
Friday,6/22/2018,2453,2560
Saturday,6/23/2018,1827,1552
Sunday,6/24/2018,1800,1688
Monday,6/25/2018,2587,3237
Tuesday,6/26/2018,2881,3280
Wednesday,6/27/2018,2839,3297
Thursday,6/28/2018,2623,3077
Friday,6/29/2018,2116,2878
Saturday,6/30/2018,1585,1658
Sunday,7/1/2018,1738,1747
Monday,7/2/2018,2659,3487
Tuesday,7/3/2018,2167,3061
Wednesday,7/4/2018,1560,1370
Thursday,7/5/2018,2430,3221
Friday,7/6/2018,2026,2987
Saturday,7/7/2018,1611,1673
Sunday,7/8/2018,1756,1904
Monday,7/9/2018,2717,3998
Tuesday,7/10/2018,2583,3660
Wednesday,7/11/2018,2771,3687
Thursday,7/12/2018,2574,3618
Friday,7/13/2018,2374,3264
Saturday,7/14/2018,1695,1940
Sunday,7/15/2018,1861,2129
Monday,7/16/2018,2805,4256
Tuesday,7/17/2018,2956,4007
Wednesday,7/18/2018,2630,3712
Thursday,7/19/2018,2787,3612
Friday,7/20/2018,2224,2841
Saturday,7/21/2018,1841,1779
Sunday,7/22/2018,2040,2151
Monday,7/23/2018,3041,4179
Tuesday,7/24/2018,3133,4217
Wednesday,7/25/2018,2817,3902
Thursday,7/26/2018,4217,5647
Friday,7/27/2018,2899,3850
Saturday,7/28/2018,1944,1886
Sunday,7/29/2018,2066,2269
Monday,7/30/2018,3186,4364
Tuesday,7/31/2018,3007,4359
Wednesday,8/1/2018,3734,5082
Thursday,8/2/2018,3178,4393
Friday,8/3/2018,2744,3867
Saturday,8/4/2018,1920,2261
Sunday,8/5/2018,1997,2332
Monday,8/6/2018,3063,4390
Tuesday,8/7/2018,3095,4727
Wednesday,8/8/2018,3245,4824
Thursday,8/9/2018,3125,4513
Friday,8/10/2018,2576,3909
Saturday,8/11/2018,1966,2487
Sunday,8/12/2018,2128,2582
Monday,8/13/2018,3050,4836
Tuesday,8/14/2018,2866,4686
Wednesday,8/15/2018,2962,5017
Thursday,8/16/2018,3385,5214
Friday,8/17/2018,2832,4366
Saturday,8/18/2018,2080,2773
Sunday,8/19/2018,2465,3181
Monday,8/20/2018,3430,5966
Tuesday,8/21/2018,3479,5792
Wednesday,8/22/2018,3148,5397
Thursday,8/23/2018,3536,6602
Friday,8/24/2018,3748,7190
Saturday,8/25/2018,2804,5426
Sunday,8/26/2018,2927,5583
Monday,8/27/2018,3746,8702
Tuesday,8/28/2018,3898,7708
Wednesday,8/29/2018,3837,7759
Thursday,8/30/2018,3728,7193
Friday,8/31/2018,3028,5701
Saturday,9/1/2018,2074,2887
Sunday,9/2/2018,2052,3210
Monday,9/3/2018,2656,4504
Tuesday,9/4/2018,3819,6903
Wednesday,9/5/2018,3747,6721
Thursday,9/6/2018,3922,6213
Friday,9/7/2018,3124,5065
Saturday,9/8/2018,2319,2850
Sunday,9/9/2018,2809,3748
Monday,9/10/2018,4227,6795
Tuesday,9/11/2018,3868,6101
Wednesday,9/12/2018,3685,6082
Thursday,9/13/2018,3568,5903
Friday,9/14/2018,3284,5204
Saturday,9/15/2018,2220,2865
Sunday,9/16/2018,2554,3762
Monday,9/17/2018,3773,6194
Tuesday,9/18/2018,3743,5911
Wednesday,9/19/2018,3658,5541
Thursday,9/20/2018,3960,5493
Friday,9/21/2018,3226,4666
Saturday,9/22/2018,2297,2647
Sunday,9/23/2018,2649,3729
Monday,9/24/2018,3739,6192
Tuesday,9/25/2018,4835,7518
Wednesday,9/26/2018,3806,6153
Thursday,9/27/2018,3651,5716
Friday,9/28/2018,3135,4965
Saturday,9/29/2018,2495,2988
Sunday,9/30/2018,2572,3934
Monday,10/1/2018,4040,6894
Tuesday,10/2/2018,4097,6385
Wednesday,10/3/2018,4220,6567
Thursday,10/4/2018,3819,6086
Friday,10/5/2018,3514,5090
Saturday,10/6/2018,2630,3119
Sunday,10/7/2018,4095,3860
Monday,10/8/2018,3771,6475
Tuesday,10/9/2018,3580,5866
Wednesday,10/10/2018,3805,5845
Thursday,10/11/2018,3598,5300
Friday,10/12/2018,2918,4573
Saturday,10/13/2018,2277,2741
Sunday,10/14/2018,2533,3596
Monday,10/15/2018,3686,6197
Tuesday,10/16/2018,3552,5830
Wednesday,10/17/2018,3443,5523
Thursday,10/18/2018,3193,5207
Friday,10/19/2018,2957,4502
Saturday,10/20/2018,2228,2431
Sunday,10/21/2018,2459,3059
Monday,10/22/2018,3419,4567
Tuesday,10/23/2018,3642,6184
Wednesday,10/24/2018,3673,6140
Thursday,10/25/2018,5368,7787
Friday,10/26/2018,3272,4853
Saturday,10/27/2018,2444,2516
Sunday,10/28/2018,2599,3805
Monday,10/29/2018,4637,6951
Tuesday,10/30/2018,3698,6664
Wednesday,10/31/2018,3243,5813
Thursday,11/1/2018,4119,6107
Friday,11/2/2018,4681,5154
Saturday,11/3/2018,2470,2739
Sunday,11/4/2018,2930,4102
Monday,11/5/2018,4418,7581
Tuesday,11/6/2018,4189,6770
Wednesday,11/7/2018,4228,7035
Thursday,11/8/2018,3884,6346
Friday,11/9/2018,3260,5142
Saturday,11/10/2018,2768,2961
Sunday,11/11/2018,2653,4122
Monday,11/12/2018,3835,7204
Tuesday,11/13/2018,4353,7306
Wednesday,11/14/2018,4289,6967
Thursday,11/15/2018,4673,7027
Friday,11/16/2018,3815,5810
Saturday,11/17/2018,2670,2626
Sunday,11/18/2018,2564,3174
Monday,11/19/2018,4061,5401
Tuesday,11/20/2018,4524,4279
Wednesday,11/21/2018,10100,3565
Thursday,11/22/2018,3224,1982
Friday,11/23/2018,2697,2334
Saturday,11/24/2018,2616,2628
Sunday,11/25/2018,2575,3841
Monday,11/26/2018,4941,7264
Tuesday,11/27/2018,4492,7098
Wednesday,11/28/2018,4227,6595
Thursday,11/29/2018,4230,5975
Friday,11/30/2018,3555,5308
Saturday,12/1/2018,4417,3285
Sunday,12/2/2018,3801,4943
Monday,12/3/2018,4913,7202
Tuesday,12/4/2018,4431,6382
Wednesday,12/5/2018,5165,6103
Thursday,12/6/2018,4432,6002
Friday,12/7/2018,3980,5530
Saturday,12/8/2018,4546,4076
Sunday,12/9/2018,5031,4826
Monday,12/10/2018,4940,6968
Tuesday,12/11/2018,4328,7061
Wednesday,12/12/2018,4115,6282
Thursday,12/13/2018,4614,6700
Friday,12/14/2018,3728,5159
Saturday,12/15/2018,4672,2795
Sunday,12/16/2018,2834,2743
Monday,12/17/2018,3940,4802
Tuesday,12/18/2018,4734,4994
Wednesday,12/19/2018,3472,4243
Thursday,12/20/2018,3070,4094
Friday,12/21/2018,3158,3876
Saturday,12/22/2018,2903,2785
Sunday,12/23/2018,2031,2034
Monday,12/24/2018,1722,1669
Tuesday,12/25/2018,1574,1421
Wednesday,12/26/2018,2843,3085
Thursday,12/27/2018,3150,3354
Friday,12/28/2018,3211,3243
Saturday,12/29/2018,2340,2108
Sunday,12/30/2018,1957,2107
Monday,12/31/2018,2666,2310
Tuesday,1/1/2019,2222,2337
Wednesday,1/2/2019,3380,4775
Thursday,1/3/2019,3858,4701
Friday,1/4/2019,3576,4197
Saturday,1/5/2019,3059,2757
Sunday,1/6/2019,2915,3084
Monday,1/7/2019,3740,5155
Tuesday,1/8/2019,4126,5391
Wednesday,1/9/2019,4101,5219
Thursday,1/10/2019,4332,5289
Friday,1/11/2019,3759,4771
Saturday,1/12/2019,3205,3293
Sunday,1/13/2019,3135,4074
Monday,1/14/2019,4632,7026
Tuesday,1/15/2019,4491,7334
Wednesday,1/16/2019,4247,7179
Thursday,1/17/2019,4332,6283
Friday,1/18/2019,3726,5365
Saturday,1/19/2019,2706,2822
Sunday,1/20/2019,2559,3249
Monday,1/21/2019,3242,4501
Tuesday,1/22/2019,3970,6589
Wednesday,1/23/2019,4130,6341
Thursday,1/24/2019,4600,6422
Friday,1/25/2019,3708,5252
Saturday,1/26/2019,2877,3234
Sunday,1/27/2019,2918,4125
Monday,1/28/2019,3775,6519
Tuesday,1/29/2019,4060,6568
Wednesday,1/30/2019,4128,6451
Thursday,1/31/2019,4356,6931
Friday,2/1/2019,3422,5939
Saturday,2/2/2019,3234,3291
Sunday,2/3/2019,2662,3484
Monday,2/4/2019,4453,6482
Tuesday,2/5/2019,4298,6431
Wednesday,2/6/2019,4096,5948
Thursday,2/7/2019,4040,5560
Friday,2/8/2019,3380,4613
Saturday,2/9/2019,3580,3459
Sunday,2/10/2019,3617,5065
Monday,2/11/2019,5934,13305
Tuesday,2/12/2019,5237,11293
Wednesday,2/13/2019,4625,8122
Thursday,2/14/2019,4631,6207
Friday,2/15/2019,3932,5500
Saturday,2/16/2019,4883,3080
Sunday,2/17/2019,3219,3330
Monday,2/18/2019,3805,4322
Tuesday,2/19/2019,4753,6620
Wednesday,2/20/2019,4820,6149
Thursday,2/21/2019,5382,6621
Friday,2/22/2019,4331,5551
Saturday,2/23/2019,5513,3619
Sunday,2/24/2019,3510,4131
Monday,2/25/2019,4567,6529
Tuesday,2/26/2019,4408,6275
Wednesday,2/27/2019,3809,5758
Thursday,2/28/2019,4113,5874
Friday,3/1/2019,4130,4894
Saturday,3/2/2019,4441,3195
Sunday,3/3/2019,3360,3957
Monday,3/4/2019,4661,6496
Tuesday,3/5/2019,5101,6666
Wednesday,3/6/2019,4441,6112
Thursday,3/7/2019,5020,5818
Friday,3/8/2019,4598,5103
Saturday,3/9/2019,4227,3152
Sunday,3/10/2019,3859,3170
Monday,3/11/2019,7420,5253
Tuesday,3/12/2019,7753,5200
Wednesday,3/13/2019,5155,4963
Thursday,3/14/2019,4502,4653
Friday,3/15/2019,6210,5203
Saturday,3/16/2019,4368,3360
Sunday,3/17/2019,6861,4403
Monday,3/18/2019,8933,8769
Tuesday,3/19/2019,7733,8212
Wednesday,3/20/2019,7939,7738
Thursday,3/21/2019,12955,7802
Friday,3/22/2019,8771,6645
Saturday,3/23/2019,17534,5040
Sunday,3/24/2019,10774,5750
Monday,3/25/2019,11581,8571
Tuesday,3/26/2019,9755,8999
Wednesday,3/27/2019,8355,8251
Thursday,3/28/2019,34053,9674
Friday,3/29/2019,13748,8882
Saturday,3/30/2019,37670,6893
Sunday,3/31/2019,6964,6274
Monday,4/1/2019,6657,8474
Tuesday,4/2/2019,5771,7991
Wednesday,4/3/2019,4996,7732
Thursday,4/4/2019,4776,7420
Friday,4/5/2019,4382,6173
Saturday,4/6/2019,3494,3639
Sunday,4/7/2019,3754,4972
Monday,4/8/2019,5058,8253
Tuesday,4/9/2019,5713,8832
Wednesday,4/10/2019,5271,8452
Thursday,4/11/2019,4668,7503
Friday,4/12/2019,5485,6443
Saturday,4/13/2019,3634,4251
Sunday,4/14/2019,4032,4696
Monday,4/15/2019,5462,8046
Tuesday,4/16/2019,4856,7027
Wednesday,4/17/2019,5046,6604
Thursday,4/18/2019,5523,7345
Friday,4/19/2019,3880,3938
Saturday,4/20/2019,3330,2964
Sunday,4/21/2019,3319,2973
Monday,4/22/2019,4655,5049
Tuesday,4/23/2019,5872,7709
Wednesday,4/24/2019,5254,7703
Thursday,4/25/2019,4574,6710
Friday,4/26/2019,4720,6073
Saturday,4/27/2019,3204,3726
Sunday,4/28/2019,3683,5022
Monday,4/29/2019,5640,8183
Tuesday,4/30/2019,5747,7931
Wednesday,5/1/2019,4713,7410
Thursday,5/2/2019,5403,6786
Friday,5/3/2019,4020,5605
Saturday,5/4/2019,3441,3442
Sunday,5/5/2019,3279,4136
Monday,5/6/2019,4932,7620
Tuesday,5/7/2019,5339,8086
Wednesday,5/8/2019,4605,7122
Thursday,5/9/2019,4807,6175
Friday,5/10/2019,4495,5487
Saturday,5/11/2019,5282,5553
Sunday,5/12/2019,4300,5147
Monday,5/13/2019,5143,5742
Tuesday,5/14/2019,4514,5290
Wednesday,5/15/2019,4117,5231
Thursday,5/16/2019,4073,4671
Friday,5/17/2019,3781,4331
Saturday,5/18/2019,2942,2815
Sunday,5/19/2019,2828,2594
Monday,5/20/2019,3898,4743
Tuesday,5/21/2019,4066,4533
Wednesday,5/22/2019,3774,4135
Thursday,5/23/2019,5030,5510
Friday,5/24/2019,3497,3895
Saturday,5/25/2019,2726,2083
Sunday,5/26/2019,2747,1931
Monday,5/27/2019,2808,2505
Tuesday,5/28/2019,4327,4617
Wednesday,5/29/2019,4563,4539
Thursday,5/30/2019,4047,4162
Friday,5/31/2019,3832,3674
Saturday,6/1/2019,2630,2118
Sunday,6/2/2019,2119,2219
Monday,6/3/2019,3122,4109
Tuesday,6/4/2019,2846,3750
Wednesday,6/5/2019,3708,3954
Thursday,6/6/2019,3751,3766
Friday,6/7/2019,3321,3439
Saturday,6/8/2019,2904,2201
Sunday,6/9/2019,2633,2093
Monday,6/10/2019,3546,4219
Tuesday,6/11/2019,3593,3979
Wednesday,6/12/2019,3635,4623
Thursday,6/13/2019,3564,4087
Friday,6/14/2019,3228,3549
Saturday,6/15/2019,2426,2098
Sunday,6/16/2019,2531,2168
Monday,6/17/2019,3724,3814
Tuesday,6/18/2019,4010,4019
Wednesday,6/19/2019,3666,3743
Thursday,6/20/2019,5013,3762
Friday,6/21/2019,4620,3500
Saturday,6/22/2019,3128,1967
Sunday,6/23/2019,3143,2349
Monday,6/24/2019,4243,4140
Tuesday,6/25/2019,3814,3677
Wednesday,6/26/2019,3605,3610
Thursday,6/27/2019,3592,3422
Friday,6/28/2019,3358,3226
Saturday,6/29/2019,2377,1836
Sunday,6/30/2019,2762,2002
Monday,7/1/2019,3520,3925
Tuesday,7/2/2019,3748,3885
Wednesday,7/3/2019,3066,3210
Thursday,7/4/2019,2070,1455
Friday,7/5/2019,2658,2427
Saturday,7/6/2019,2498,1824
Sunday,7/7/2019,2618,2116
Monday,7/8/2019,4365,4285
Tuesday,7/9/2019,4019,4351
Wednesday,7/10/2019,4803,4406
Thursday,7/11/2019,3964,4018
Friday,7/12/2019,3648,3585
Saturday,7/13/2019,2813,2237
Sunday,7/14/2019,2929,2353
Monday,7/15/2019,4455,4383
Tuesday,7/16/2019,3897,4334
Wednesday,7/17/2019,3936,4223
Thursday,7/18/2019,3686,3852
Friday,7/19/2019,3870,3376
Saturday,7/20/2019,3074,1998
Sunday,7/21/2019,3225,2162
Monday,7/22/2019,4576,4186
Tuesday,7/23/2019,4081,4107
Wednesday,7/24/2019,4625,4086
Thursday,7/25/2019,4888,4735
Friday,7/26/2019,4171,3871
Saturday,7/27/2019,3120,2231
Sunday,7/28/2019,3433,2456
Monday,7/29/2019,4767,4592
Tuesday,7/30/2019,4825,4586
Wednesday,7/31/2019,4728,5012
Thursday,8/1/2019,4799,5391
Friday,8/2/2019,5157,4458
Saturday,8/3/2019,3745,2647
Sunday,8/4/2019,3472,2701
Monday,8/5/2019,5007,4806
Tuesday,8/6/2019,5447,4982
Wednesday,8/7/2019,7747,4981
Thursday,8/8/2019,4570,4757
Friday,8/9/2019,4580,4269
Saturday,8/10/2019,3295,2556
Sunday,8/11/2019,3807,2870
Monday,8/12/2019,5742,5641
Tuesday,8/13/2019,5638,5316
Wednesday,8/14/2019,4494,4918
Thursday,8/15/2019,4854,5315
Friday,8/16/2019,4731,5308
Saturday,8/17/2019,3766,3453
Sunday,8/18/2019,4061,3517
Monday,8/19/2019,5596,6661
Tuesday,8/20/2019,5325,6637
Wednesday,8/21/2019,6223,6479
Thursday,8/22/2019,6171,6943
Friday,8/23/2019,5281,7073
Saturday,8/24/2019,4754,5164
Sunday,8/25/2019,4824,5753
Monday,8/26/2019,6223,9212
Tuesday,8/27/2019,6427,8823
Wednesday,8/28/2019,6548,8355
Thursday,8/29/2019,5438,7244
Friday,8/30/2019,4568,6106
Saturday,8/31/2019,3005,3141
Sunday,9/1/2019,3284,3456
Monday,9/2/2019,4206,4795
Tuesday,9/3/2019,5969,7440
Wednesday,9/4/2019,6198,7519
Thursday,9/5/2019,5640,6989
Friday,9/6/2019,4578,5669
Saturday,9/7/2019,3578,3119
Sunday,9/8/2019,4721,4224
Monday,9/9/2019,6653,8002
Tuesday,9/10/2019,6384,7424
Wednesday,9/11/2019,5828,6622
Thursday,9/12/2019,5516,6344
Friday,9/13/2019,4757,5367
Saturday,9/14/2019,3934,3186
Sunday,9/15/2019,4031,3916
Monday,9/16/2019,5570,6494
Tuesday,9/17/2019,5135,6282
Wednesday,9/18/2019,5098,6072
Thursday,9/19/2019,7527,7503
Friday,9/20/2019,4826,5359
Saturday,9/21/2019,3703,3020
Sunday,9/22/2019,3867,3923
Monday,9/23/2019,5086,6435
Tuesday,9/24/2019,5762,6599
Wednesday,9/25/2019,5443,6380
Thursday,9/26/2019,4964,5707
Friday,9/27/2019,4466,4997
Saturday,9/28/2019,3449,3064
Sunday,9/29/2019,4052,4108
Monday,9/30/2019,5185,6809
Tuesday,10/1/2019,5198,6882
Wednesday,10/2/2019,5086,6426
Thursday,10/3/2019,4936,5994
Friday,10/4/2019,6970,5523
Saturday,10/5/2019,3716,3289
Sunday,10/6/2019,3808,3899
Monday,10/7/2019,4998,6566
Tuesday,10/8/2019,5176,6497
Wednesday,10/9/2019,5362,6481
Thursday,10/10/2019,4844,5924
Friday,10/11/2019,4422,4893
Saturday,10/12/2019,3589,3049
Sunday,10/13/2019,3746,3935
Monday,10/14/2019,5987,7006
Tuesday,10/15/2019,4827,6336
Wednesday,10/16/2019,5006,5937
Thursday,10/17/2019,4531,5578
Friday,10/18/2019,3941,4449
Saturday,10/19/2019,3124,2551
Sunday,10/20/2019,3589,3105
Monday,10/21/2019,4532,4622
Tuesday,10/22/2019,4635,6483
Wednesday,10/23/2019,4776,6271
Thursday,10/24/2019,5271,6664
Friday,10/25/2019,3989,4760
Saturday,10/26/2019,3673,2644
Sunday,10/27/2019,3711,3587
Monday,10/28/2019,4683,6617
Tuesday,10/29/2019,4889,6363
Wednesday,10/30/2019,4705,6373
Thursday,10/31/2019,4323,5223
Friday,11/1/2019,5140,5013
Saturday,11/2/2019,3873,2927
Sunday,11/3/2019,3941,3960
Monday,11/4/2019,5443,7198
Tuesday,11/5/2019,5803,6933
Wednesday,11/6/2019,5400,6855
Thursday,11/7/2019,4966,6327
Friday,11/8/2019,4268,5098
Saturday,11/9/2019,3606,2919
Sunday,11/10/2019,3646,3995
Monday,11/11/2019,5169,6907
Tuesday,11/12/2019,5528,6980
Wednesday,11/13/2019,5393,7261
Thursday,11/14/2019,5765,7518
Friday,11/15/2019,4818,5659
Saturday,11/16/2019,3382,2975
Sunday,11/17/2019,3598,3921
Monday,11/18/2019,5050,7342
Tuesday,11/19/2019,4934,7075
Wednesday,11/20/2019,4933,7065
Thursday,11/21/2019,4403,6552
Friday,11/22/2019,4013,5115
Saturday,11/23/2019,3233,2757
Sunday,11/24/2019,3116,3374
Monday,11/25/2019,4499,5622
Tuesday,11/26/2019,4373,4827
Wednesday,11/27/2019,3859,3646
Thursday,11/28/2019,3625,2001
Friday,11/29/2019,4020,2501
Saturday,11/30/2019,3348,3122
Sunday,12/1/2019,5298,4887
Monday,12/2/2019,5655,7499
Tuesday,12/3/2019,6199,7318
Wednesday,12/4/2019,6083,7328
Thursday,12/5/2019,5403,6423
Friday,12/6/2019,4385,5166
Saturday,12/7/2019,4315,3978
Sunday,12/8/2019,4449,4489
Monday,12/9/2019,5129,7026
Tuesday,12/10/2019,5067,6926
Wednesday,12/11/2019,5151,6597
Thursday,12/12/2019,4669,5721
Friday,12/13/2019,4304,4960
Saturday,12/14/2019,4436,2946
Sunday,12/15/2019,3328,2840
Monday,12/16/2019,5246,5718
Tuesday,12/17/2019,4621,4753
Wednesday,12/18/2019,5660,4455
Thursday,12/19/2019,5132,4975
Friday,12/20/2019,4129,4053
Saturday,12/21/2019,3682,2264
Sunday,12/22/2019,2998,1927
Monday,12/23/2019,3303,2307
Tuesday,12/24/2019,2476,1592
Wednesday,12/25/2019,2330,1457
Thursday,12/26/2019,3375,3109
Friday,12/27/2019,3938,3298
Saturday,12/28/2019,3259,2363
Sunday,12/29/2019,3606,2440
Monday,12/30/2019,4961,3611
Tuesday,12/31/2019,3670,3016
Wednesday,1/1/2020,3378,3013
Thursday,1/2/2020,5139,4369
Friday,1/3/2020,4584,3590
Saturday,1/4/2020,4645,2551
Sunday,1/5/2020,3739,2739
Monday,1/6/2020,5710,5022
Tuesday,1/7/2020,5793,4996
Wednesday,1/8/2020,5760,5026
Thursday,1/9/2020,5603,4979
Friday,1/10/2020,5863,5122
Saturday,1/11/2020,4480,3337
Sunday,1/12/2020,4466,4028
Monday,1/13/2020,6041,6939
Tuesday,1/14/2020,6472,7251
Wednesday,1/15/2020,6418,7407
Thursday,1/16/2020,6191,6484
Friday,1/17/2020,4816,5345
Saturday,1/18/2020,5425,3055
Sunday,1/19/2020,3944,3268
Monday,1/20/2020,4462,4384
Tuesday,1/21/2020,5431,6173
Wednesday,1/22/2020,5702,6253
Thursday,1/23/2020,5024,5632
Friday,1/24/2020,4880,5072
Saturday,1/25/2020,4275,3004
Sunday,1/26/2020,3734,3516
Monday,1/27/2020,5128,6008
Tuesday,1/28/2020,6025,6376
Wednesday,1/29/2020,5374,6105
Thursday,1/30/2020,6063,6100
Friday,1/31/2020,6057,5740
Saturday,2/1/2020,4451,3308
Sunday,2/2/2020,3430,3140
Monday,2/3/2020,5191,6239
Tuesday,2/4/2020,5012,6117
Wednesday,2/5/2020,6209,6444
Thursday,2/6/2020,5702,5956
Friday,2/7/2020,4789,4906
Saturday,2/8/2020,4808,2951
Sunday,2/9/2020,4155,3871
Monday,2/10/2020,5729,7053
Tuesday,2/11/2020,5502,7059
Wednesday,2/12/2020,5179,6975
Thursday,2/13/2020,9983,9078
Friday,2/14/2020,6027,7057
Saturday,2/15/2020,5577,4092
Sunday,2/16/2020,4325,3925
Monday,2/17/2020,5149,4866
Tuesday,2/18/2020,7625,8524
Wednesday,2/19/2020,6564,7926
Thursday,2/20/2020,7221,7323
Friday,2/21/2020,5311,5606
Saturday,2/22/2020,5185,3391
Sunday,2/23/2020,4668,4263
Monday,2/24/2020,5744,7439
Tuesday,2/25/2020,6213,6728
Wednesday,2/26/2020,8939,8684
Thursday,2/27/2020,6556,6365
Friday,2/28/2020,5301,5446
Saturday,2/29/2020,4982,3336
Sunday,3/1/2020,4997,4265
Monday,3/2/2020,8350,8420
Tuesday,3/3/2020,8771,9176
Wednesday,3/4/2020,7221,8371
Thursday,3/5/2020,6288,7496
Friday,3/6/2020,6237,6574
Saturday,3/7/2020,4619,3686
Sunday,3/8/2020,4229,3528
Monday,3/9/2020,7055,5847
Tuesday,3/10/2020,7332,6084
Wednesday,3/11/2020,8079,8299
Thursday,3/12/2020,9277,11234
Friday,3/13/2020,5074,5640
Saturday,3/14/2020,4528,4246
Sunday,3/15/2020,3876,3571
Monday,3/16/2020,4525,5268
Tuesday,3/17/2020,4173,5248
Wednesday,3/18/2020,4169,4611
Thursday,3/19/2020,4105,4417
Friday,3/20/2020,4279,4322
Saturday,3/21/2020,3439,2736
Sunday,3/22/2020,3225,2662
Monday,3/23/2020,4221,5106
Tuesday,3/24/2020,4542,4967
Wednesday,3/25/2020,3366,4459
Thursday,3/26/2020,3262,4438
Friday,3/27/2020,7338,6768
Saturday,3/28/2020,3874,3300
Sunday,3/29/2020,3079,3223
Monday,3/30/2020,3916,5736
Tuesday,3/31/2020,3596,4975
Wednesday,4/1/2020,3576,4826
Thursday,4/2/2020,3562,4771
Friday,4/3/2020,5529,5126
Saturday,4/4/2020,4256,3237
Sunday,4/5/2020,3779,3239
Monday,4/6/2020,5182,5654
Tuesday,4/7/2020,4943,5507
Wednesday,4/8/2020,5372,5807
Thursday,4/9/2020,5384,5367
Friday,4/10/2020,4123,3720
Saturday,4/11/2020,4210,3020
Sunday,4/12/2020,4499,2984
Monday,4/13/2020,4603,4624
Tuesday,4/14/2020,5575,6494
Wednesday,4/15/2020,6036,6556
Thursday,4/16/2020,6101,6546
Friday,4/17/2020,5503,6199
Saturday,4/18/2020,5472,8122
Sunday,4/19/2020,4375,4209
Monday,4/20/2020,5342,6576
Tuesday,4/21/2020,4947,6142
Wednesday,4/22/2020,5457,6452
Thursday,4/23/2020,4894,5245
Friday,4/24/2020,5091,5236
Saturday,4/25/2020,3273,2924
Sunday,4/26/2020,2450,3049
Monday,4/27/2020,5379,6083
Tuesday,4/28/2020,4612,5503
Wednesday,4/29/2020,4282,5384
Thursday,4/30/2020,5586,6208
Friday,5/1/2020,3893,5233
Saturday,5/2/2020,3055,2724
Sunday,5/3/2020,2876,3150
Monday,5/4/2020,6240,5682
Tuesday,5/5/2020,7302,5549
Wednesday,5/6/2020,6349,6201
Thursday,5/7/2020,5871,5405
Friday,5/8/2020,5205,4837
Saturday,5/9/2020,4181,2912
Sunday,5/10/2020,4048,2852
Monday,5/11/2020,6096,5453
Tuesday,5/12/2020,6392,5660
Wednesday,5/13/2020,5984,5592
Thursday,5/14/2020,5501,5568
Friday,5/15/2020,4648,4490
Saturday,5/16/2020,3760,2779
Sunday,5/17/2020,3969,2853
Monday,5/18/2020,4916,4958
Tuesday,5/19/2020,5048,5264
Wednesday,5/20/2020,5460,5296
Thursday,5/21/2020,5044,4581
Friday,5/22/2020,3885,3778
Saturday,5/23/2020,2633,2217
Sunday,5/24/2020,2467,2109
Monday,5/25/2020,3473,2679
Tuesday,5/26/2020,4600,4311
Wednesday,5/27/2020,4735,4174
Thursday,5/28/2020,5168,4366
Friday,5/29/2020,4429,3933
Saturday,5/30/2020,3226,2381
Sunday,5/31/2020,3323,2774
Monday,6/1/2020,6499,4918
Tuesday,6/2/2020,3713,3742
Wednesday,6/3/2020,3109,3528
Thursday,6/4/2020,3309,3896
Friday,6/5/2020,2789,3328
Saturday,6/6/2020,2022,1921
Sunday,6/7/2020,2083,1989
Monday,6/8/2020,3652,3840
Tuesday,6/9/2020,4097,4592
Wednesday,6/10/2020,3816,3981
Thursday,6/11/2020,3892,4337
Friday,6/12/2020,3483,3543
Saturday,6/13/2020,2570,2421
Sunday,6/14/2020,2474,2366
Monday,6/15/2020,3541,4553
Tuesday,6/16/2020,3851,4646
Wednesday,6/17/2020,4432,4234
Thursday,6/18/2020,2777,3558
Friday,6/19/2020,2574,2903
Saturday,6/20/2020,1996,1814
Sunday,6/21/2020,2064,1661
Monday,6/22/2020,3126,3601
Tuesday,6/23/2020,2869,3262
Wednesday,6/24/2020,3076,3734
Thursday,6/25/2020,3546,3418
Friday,6/26/2020,3585,3008
Saturday,6/27/2020,2748,1948
Sunday,6/28/2020,3154,2047
Monday,6/29/2020,3699,3755
Tuesday,6/30/2020,3946,4228
Wednesday,7/1/2020,5168,4649
Thursday,7/2/2020,3126,3596
Friday,7/3/2020,3067,2145
Saturday,7/4/2020,2094,1442
Sunday,7/5/2020,2899,1963
Monday,7/6/2020,3887,3859
Tuesday,7/7/2020,4003,3961
Wednesday,7/8/2020,4005,4118
Thursday,7/9/2020,3878,3878
Friday,7/10/2020,3567,3307
Saturday,7/11/2020,2614,1953
Sunday,7/12/2020,2892,2094
Monday,7/13/2020,3711,3717
Tuesday,7/14/2020,3436,3446
Wednesday,7/15/2020,3846,4329
Thursday,7/16/2020,3934,3908
Friday,7/17/2020,4754,3968
Saturday,7/18/2020,2889,2114
Sunday,7/19/2020,2708,1962
Monday,7/20/2020,4183,4406
Tuesday,7/21/2020,4164,3941
Wednesday,7/22/2020,4360,4501
Thursday,7/23/2020,3976,3922
Friday,7/24/2020,4305,4808
Saturday,7/25/2020,2806,2332
Sunday,7/26/2020,2878,2325
Monday,7/27/2020,3839,4165
Tuesday,7/28/2020,6052,7822
Wednesday,7/29/2020,4899,5384
Thursday,7/30/2020,4033,4817
Friday,7/31/2020,5096,5584
Saturday,8/1/2020,3261,3373
Sunday,8/2/2020,3147,2993
Monday,8/3/2020,4295,5624
Tuesday,8/4/2020,4399,4672
Wednesday,8/5/2020,5585,5187
Thursday,8/6/2020,3694,3934
Friday,8/7/2020,3684,4185
Saturday,8/8/2020,2992,2578
Sunday,8/9/2020,3266,2581
Monday,8/10/2020,4497,4890
Tuesday,8/11/2020,4577,4706
Wednesday,8/12/2020,5683,6216
Thursday,8/13/2020,4389,2870
Friday,8/14/2020,5011,5151
Saturday,8/15/2020,3613,3146
Sunday,8/16/2020,3711,3107
Monday,8/17/2020,4921,5522
Tuesday,8/18/2020,5082,5328
Wednesday,8/19/2020,4726,5050
Thursday,8/20/2020,5767,5175
Friday,8/21/2020,3870,4405
Saturday,8/22/2020,3266,2852
Sunday,8/23/2020,3267,3143
Monday,8/24/2020,4756,5856
Tuesday,8/25/2020,4976,6242
Wednesday,8/26/2020,5122,6362
Thursday,8/27/2020,4517,6107
Friday,8/28/2020,5075,6617
Saturday,8/29/2020,3765,4502
Sunday,8/30/2020,3689,4457
Monday,8/31/2020,5333,8212
Tuesday,9/1/2020,6128,7905
Wednesday,9/2/2020,5075,7429
Thursday,9/3/2020,5340,7494
Friday,9/4/2020,5167,6390
Saturday,9/5/2020,4879,4954
Sunday,9/6/2020,5963,7070
Monday,9/7/2020,3521,4594
Tuesday,9/8/2020,4672,6998
Wednesday,9/9/2020,4202,6690
Thursday,9/10/2020,3973,6442
Friday,9/11/2020,4641,6662
Saturday,9/12/2020,3011,3835
Sunday,9/13/2020,3186,4374
Monday,9/14/2020,5145,7645
Tuesday,9/15/2020,4977,7842
Wednesday,9/16/2020,4802,6809
Thursday,9/17/2020,4811,6731
Friday,9/18/2020,4143,5569
Saturday,9/19/2020,3126,3720
Sunday,9/20/2020,3303,3899
Monday,9/21/2020,5147,7875
Tuesday,9/22/2020,5043,7271
Wednesday,9/23/2020,4788,6872
Thursday,9/24/2020,5201,6642
Friday,9/25/2020,4820,6170
Saturday,9/26/2020,3815,4171
Sunday,9/27/2020,3680,4113
Monday,9/28/2020,5262,7700
Tuesday,9/29/2020,8682,8316
Wednesday,9/30/2020,5288,7091
Thursday,10/1/2020,5259,6663
Friday,10/2/2020,3782,5324
Saturday,10/3/2020,2680,3192
Sunday,10/4/2020,2985,3849
Monday,10/5/2020,5296,6323
Tuesday,10/6/2020,5097,6920
Wednesday,10/7/2020,4182,6315
Thursday,10/8/2020,4904,6520
Friday,10/9/2020,4380,6031
Saturday,10/10/2020,3515,3398
Sunday,10/11/2020,3086,3695
Monday,10/12/2020,4228,6270
Tuesday,10/13/2020,5328,6497
Wednesday,10/14/2020,5126,8240
Thursday,10/15/2020,4299,6714
Friday,10/16/2020,4401,5456
Saturday,10/17/2020,2884,3468
Sunday,10/18/2020,3098,3899
Monday,10/19/2020,4297,6768
Tuesday,10/20/2020,4410,6890
Wednesday,10/21/2020,4523,7028
Thursday,10/22/2020,5021,6770
Friday,10/23/2020,3297,4980
Saturday,10/24/2020,2574,2745
Sunday,10/25/2020,2966,3161
Monday,10/26/2020,4180,4727
Tuesday,10/27/2020,4570,6583
Wednesday,10/28/2020,4311,6352
Thursday,10/29/2020,4309,6527
Friday,10/30/2020,3874,5455
Saturday,10/31/2020,2321,2482
Sunday,11/1/2020,3414,3776
Monday,11/2/2020,5081,6780
Tuesday,11/3/2020,4125,6167
Wednesday,11/4/2020,4476,6147
Thursday,11/5/2020,3705,5891
Friday,11/6/2020,3890,4975
Saturday,11/7/2020,2591,2664
Sunday,11/8/2020,5178,4286
Monday,11/9/2020,10036,8659
Tuesday,11/10/2020,6114,7779
Wednesday,11/11/2020,6676,7633
Thursday,11/12/2020,5678,7376
Friday,11/13/2020,4876,6518
Saturday,11/14/2020,3469,3699
Sunday,11/15/2020,3498,4470
Monday,11/16/2020,4911,7647
Tuesday,11/17/2020,4276,7242
Wednesday,11/18/2020,5243,8055
Thursday,11/19/2020,4833,6602
Friday,11/20/2020,4752,5517
Saturday,11/21/2020,3135,2813
Sunday,11/22/2020,3172,3259
Monday,11/23/2020,4071,5421
Tuesday,11/24/2020,4281,4987
Wednesday,11/25/2020,4580,4072
Thursday,11/26/2020,7474,2233
Friday,11/27/2020,6000,2907
Saturday,11/28/2020,3344,2607
Sunday,11/29/2020,4846,3937
Monday,11/30/2020,5454,7342
Tuesday,12/1/2020,6039,7064
Wednesday,12/2/2020,8276,6296
Thursday,12/3/2020,5161,5981
Friday,12/4/2020,4804,5099
Saturday,12/5/2020,4674,2672
Sunday,12/6/2020,4354,3672
Monday,12/7/2020,11026,5789
Tuesday,12/8/2020,5625,5532
Wednesday,12/9/2020,5025,5374
Thursday,12/10/2020,4935,5608
Friday,12/11/2020,4427,4770
Saturday,12/12/2020,3316,2880
Sunday,12/13/2020,3877,3636
Monday,12/14/2020,4261,5664
Tuesday,12/15/2020,4572,5879
Wednesday,12/16/2020,4398,5662
Thursday,12/17/2020,4420,5299
Friday,12/18/2020,4187,4177
Saturday,12/19/2020,6582,2427
Sunday,12/20/2020,4350,2441
Monday,12/21/2020,3581,2999
Tuesday,12/22/2020,3491,2900
Wednesday,12/23/2020,2741,2709
Thursday,12/24/2020,1888,1501
Friday,12/25/2020,1675,1130
Saturday,12/26/2020,6491,1978
Sunday,12/27/2020,2450,1959
Monday,12/28/2020,3927,3541
Tuesday,12/29/2020,3712,3594
Wednesday,12/30/2020,4347,3739
Thursday,12/31/2020,2996,3183
Friday,1/1/2021,2429,2422
Saturday,1/2/2021,4014,2234
Sunday,1/3/2021,2803,2314
Monday,1/4/2021,4212,4579
Tuesday,1/5/2021,6652,4551
Wednesday,1/6/2021,3926,3994
Thursday,1/7/2021,4710,3991
Friday,1/8/2021,3305,3788
Saturday,1/9/2021,2880,2135
Sunday,1/10/2021,2745,2350
Monday,1/11/2021,3872,4692
Tuesday,1/12/2021,4535,5061
Wednesday,1/13/2021,3768,4311
Thursday,1/14/2021,4715,4512
Friday,1/15/2021,3617,4751
Saturday,1/16/2021,3927,2713
Sunday,1/17/2021,3049,3034
Monday,1/18/2021,3451,4220
Tuesday,1/19/2021,4066,6628
Wednesday,1/20/2021,3535,5832
Thursday,1/21/2021,3869,6049
Friday,1/22/2021,3502,4846
Saturday,1/23/2021,3119,2623
Sunday,1/24/2021,2762,3191
Monday,1/25/2021,3719,5783
Tuesday,1/26/2021,4249,5675
Wednesday,1/27/2021,5888,6673
Thursday,1/28/2021,4833,5894
Friday,1/29/2021,3680,4821
Saturday,1/30/2021,5585,2951
Sunday,1/31/2021,3323,3347
Monday,2/1/2021,4227,6169
Tuesday,2/2/2021,4434,5554
Wednesday,2/3/2021,4479,5548
Thursday,2/4/2021,4547,5652
Friday,2/5/2021,3523,4607
Saturday,2/6/2021,2996,2483
Sunday,2/7/2021,2639,2861
Monday,2/8/2021,5141,5991
Tuesday,2/9/2021,5303,6257
Wednesday,2/10/2021,4011,5939
Thursday,2/11/2021,10407,9401
Friday,2/12/2021,6448,7079
Saturday,2/13/2021,4164,3356
Sunday,2/14/2021,3538,3189
Monday,2/15/2021,4188,4646
Tuesday,2/16/2021,5698,7724
Wednesday,2/17/2021,5431,6832
Thursday,2/18/2021,5701,6076
Friday,2/19/2021,4980,5617
Saturday,2/20/2021,4496,3377
Sunday,2/21/2021,3589,3983
Monday,2/22/2021,5769,6608
Tuesday,2/23/2021,5707,7058
Wednesday,2/24/2021,5353,6715
Thursday,2/25/2021,6191,6460
Friday,2/26/2021,4483,5228
Saturday,2/27/2021,5837,3250
Sunday,2/28/2021,4434,4220
Monday,3/1/2021,5364,6814
Tuesday,3/2/2021,5504,6858
Wednesday,3/3/2021,4957,6770
Thursday,3/4/2021,5566,6053
Friday,3/5/2021,4919,5451
Saturday,3/6/2021,4070,3631
Sunday,3/7/2021,3814,3644
Monday,3/8/2021,6899,6500
Tuesday,3/9/2021,7354,6136
Wednesday,3/10/2021,7933,6911
Thursday,3/11/2021,5970,6943
Friday,3/12/2021,4884,4659
Saturday,3/13/2021,3931,2884
Sunday,3/14/2021,6643,3633
Monday,3/15/2021,8588,6889
Tuesday,3/16/2021,6911,6483
Wednesday,3/17/2021,8809,6501
Thursday,3/18/2021,10385,6967
Friday,3/19/2021,10660,5355
Saturday,3/20/2021,19771,4199
Sunday,3/21/2021,9814,5125
Monday,3/22/2021,26218,8590
Tuesday,3/23/2021,10995,7865
Wednesday,3/24/2021,8641,7034
Thursday,3/25/2021,6778,6514
Friday,3/26/2021,7307,5545
Saturday,3/27/2021,9431,3746
Sunday,3/28/2021,40412,7468
Monday,3/29/2021,12928,8603
Tuesday,3/30/2021,51997,12294
Wednesday,3/31/2021,20198,10483
Thursday,4/1/2021,11637,7695
Friday,4/2/2021,10481,4677
Saturday,4/3/2021,111619,9206
Sunday,4/4/2021,52404,13099
Monday,4/5/2021,117050,13330
Tuesday,4/6/2021,32176,14730
Wednesday,4/7/2021,9688,8861
Thursday,4/8/2021,6599,7500
Friday,4/9/2021,5804,6311
Saturday,4/10/2021,4703,6745
Sunday,4/11/2021,4036,4699
Monday,4/12/2021,5813,7880
Tuesday,4/13/2021,5261,7465
Wednesday,4/14/2021,5340,7652
Thursday,4/15/2021,5699,7596
Friday,4/16/2021,4963,5768
Saturday,4/17/2021,3511,3111
Sunday,4/18/2021,3542,4243
Monday,4/19/2021,6467,8273
Tuesday,4/20/2021,6058,7251
Wednesday,4/21/2021,6490,7851
Thursday,4/22/2021,5281,6816
Friday,4/23/2021,4661,5392
Saturday,4/24/2021,3247,3526
Sunday,4/25/2021,3244,4084
Monday,4/26/2021,4599,6684
Tuesday,4/27/2021,4788,6397
Wednesday,4/28/2021,7230,6782
Thursday,4/29/2021,5157,6617
Friday,4/30/2021,5026,6244
Saturday,5/1/2021,3390,3659
Sunday,5/2/2021,3392,3778
Monday,5/3/2021,5077,6598
Tuesday,5/4/2021,4968,6692
Wednesday,5/5/2021,4875,5617
Thursday,5/6/2021,5212,5494
Friday,5/7/2021,4802,4686
Saturday,5/8/2021,6245,5696
Sunday,5/9/2021,7195,7114
Monday,5/10/2021,4706,5415
Tuesday,5/11/2021,4249,4706
Wednesday,5/12/2021,4262,4529
Thursday,5/13/2021,4521,4592
Friday,5/14/2021,3561,3637
Saturday,5/15/2021,2317,1882
Sunday,5/16/2021,2649,2045
Monday,5/17/2021,4096,4059
Tuesday,5/18/2021,4194,4016
Wednesday,5/19/2021,3693,3814
Thursday,5/20/2021,4921,4694
Friday,5/21/2021,4117,3361
Saturday,5/22/2021,2636,2140
Sunday,5/23/2021,2753,2146
Monday,5/24/2021,3686,3911
Tuesday,5/25/2021,3849,3700
Wednesday,5/26/2021,3851,3762
Thursday,5/27/2021,3555,3456
Friday,5/28/2021,3115,2909
Saturday,5/29/2021,2030,1459
Sunday,5/30/2021,2162,1707
Monday,5/31/2021,2637,2091
Tuesday,6/1/2021,3192,3035
Wednesday,6/2/2021,3348,3302
Thursday,6/3/2021,3225,3263
Friday,6/4/2021,3900,2863
Saturday,6/5/2021,2659,1623
Sunday,6/6/2021,3778,2006
Monday,6/7/2021,4182,3700
Tuesday,6/8/2021,3520,3391
Wednesday,6/9/2021,3681,3364
Thursday,6/10/2021,4604,4149
Friday,6/11/2021,3182,3026
Saturday,6/12/2021,2253,1619
Sunday,6/13/2021,2646,1956
Monday,6/14/2021,3620,3679
Tuesday,6/15/2021,3875,4010
Wednesday,6/16/2021,3798,4016
Thursday,6/17/2021,3889,3804
Friday,6/18/2021,3114,2852
Saturday,6/19/2021,2156,1659
Sunday,6/20/2021,2359,1789
Monday,6/21/2021,6126,3777
Tuesday,6/22/2021,3983,4127
Wednesday,6/23/2021,4151,3652
Thursday,6/24/2021,4441,3443
Friday,6/25/2021,3220,2745
Saturday,6/26/2021,2145,1516
Sunday,6/27/2021,2531,1808
Monday,6/28/2021,3347,3408
Tuesday,6/29/2021,3221,3237
Wednesday,6/30/2021,3366,3622
Thursday,7/1/2021,3291,3315
Friday,7/2/2021,3580,2832
Saturday,7/3/2021,2704,1582
Sunday,7/4/2021,2117,1303
Monday,7/5/2021,2646,2147
Tuesday,7/6/2021,3545,3622
Wednesday,7/7/2021,3784,3875
Thursday,7/8/2021,3632,3581
Friday,7/9/2021,3089,3033
Saturday,7/10/2021,2303,1762
Sunday,7/11/2021,2605,2060
Monday,7/12/2021,4003,4297
Tuesday,7/13/2021,3778,4084
Wednesday,7/14/2021,3853,3867
Thursday,7/15/2021,3569,4002
Friday,7/16/2021,3251,3614
Saturday,7/17/2021,2396,1956
Sunday,7/18/2021,2400,2083
Monday,7/19/2021,3474,3974
Tuesday,7/20/2021,3856,4032
Wednesday,7/21/2021,3673,3948
Thursday,7/22/2021,3748,3916
Friday,7/23/2021,3294,3272
Saturday,7/24/2021,2294,1857
Sunday,7/25/2021,2368,2002
Monday,7/26/2021,3575,3793
Tuesday,7/27/2021,3409,3771
Wednesday,7/28/2021,4198,3914
Thursday,7/29/2021,4045,3700
Friday,7/30/2021,3801,3236
Saturday,7/31/2021,2746,2278
Sunday,8/1/2021,2924,2369
Monday,8/2/2021,3996,4374
Tuesday,8/3/2021,3762,4212
Wednesday,8/4/2021,3689,4198
Thursday,8/5/2021,3907,4095
Friday,8/6/2021,5054,3889
Saturday,8/7/2021,3281,2250
Sunday,8/8/2021,3134,2364
Monday,8/9/2021,3975,4252
Tuesday,8/10/2021,3851,4112
Wednesday,8/11/2021,4649,5244
Thursday,8/12/2021,4477,4710
Friday,8/13/2021,4233,4432
Saturday,8/14/2021,2833,2610
Sunday,8/15/2021,3210,3098
Monday,8/16/2021,3975,4943
Tuesday,8/17/2021,3875,4843
Wednesday,8/18/2021,5288,6066
Thursday,8/19/2021,4295,5182
Friday,8/20/2021,4081,5153
Saturday,8/21/2021,2859,3175
Sunday,8/22/2021,3824,3589
Monday,8/23/2021,4703,5826
Tuesday,8/24/2021,4652,5630
Wednesday,8/25/2021,4883,5895
Thursday,8/26/2021,4837,6276
Friday,8/27/2021,5535,6971
Saturday,8/28/2021,3942,5308
Sunday,8/29/2021,4154,5609
Monday,8/30/2021,5507,8723
Tuesday,8/31/2021,6158,8608
Wednesday,9/1/2021,5586,7869
Thursday,9/2/2021,5406,6942
Friday,9/3/2021,3938,5562
Saturday,9/4/2021,3095,3182
Sunday,9/5/2021,2949,3221
Monday,9/6/2021,3553,4526
Tuesday,9/7/2021,5090,7244
Wednesday,9/8/2021,5787,7205
Thursday,9/9/2021,4841,6637
Friday,9/10/2021,4013,5351
Saturday,9/11/2021,2831,2865
Sunday,9/12/2021,3317,3674
Monday,9/13/2021,5273,6854
Tuesday,9/14/2021,5633,6629
Wednesday,9/15/2021,5162,6380
Thursday,9/16/2021,4654,6072
Friday,9/17/2021,4474,5254
Saturday,9/18/2021,2922,2969
Sunday,9/19/2021,3285,3649
Monday,9/20/2021,5058,6408
Tuesday,9/21/2021,4772,6307
Wednesday,9/22/2021,6417,6267
Thursday,9/23/2021,4367,5861
Friday,9/24/2021,5866,5597
Saturday,9/25/2021,2787,2781
Sunday,9/26/2021,3425,3662
Monday,9/27/2021,5023,6511
Tuesday,9/28/2021,4976,6200
Wednesday,9/29/2021,4781,6222
Thursday,9/30/2021,7671,6014
Friday,10/1/2021,3812,4810
Saturday,10/2/2021,2815,2693
Sunday,10/3/2021,3364,3366
Monday,10/4/2021,4874,6395
Tuesday,10/5/2021,4774,6221
Wednesday,10/6/2021,4784,6479
Thursday,10/7/2021,4429,5981
Friday,10/8/2021,4404,4732
Saturday,10/9/2021,3991,3036
Sunday,10/10/2021,3634,3727
Monday,10/11/2021,5115,6148
Tuesday,10/12/2021,6125,6600
Wednesday,10/13/2021,5041,6466
Thursday,10/14/2021,4463,5827
Friday,10/15/2021,4141,4640
Saturday,10/16/2021,2928,2649
Sunday,10/17/2021,3428,3521
Monday,10/18/2021,5570,5955
Tuesday,10/19/2021,4928,5924
Wednesday,10/20/2021,5411,6123
Thursday,10/21/2021,4857,5842
Friday,10/22/2021,5782,5427
Saturday,10/23/2021,3254,2561
Sunday,10/24/2021,3541,3185
Monday,10/25/2021,4445,4728
Tuesday,10/26/2021,5068,6786
Wednesday,10/27/2021,4850,6614
Thursday,10/28/2021,4695,6130
Friday,10/29/2021,4282,4802
Saturday,10/30/2021,3047,2493
Sunday,10/31/2021,3494,3389
Monday,11/1/2021,6183,7472
Tuesday,11/2/2021,5281,7172
Wednesday,11/3/2021,5695,7099
Thursday,11/4/2021,4921,6823
Friday,11/5/2021,5738,6020
Saturday,11/6/2021,3295,3258
Sunday,11/7/2021,3482,4096
Monday,11/8/2021,5084,7697
Tuesday,11/9/2021,6495,8017
Wednesday,11/10/2021,6119,7973
Thursday,11/11/2021,5035,6924
Friday,11/12/2021,5141,6107
Saturday,11/13/2021,6163,3490
Sunday,11/14/2021,4259,4470
Monday,11/15/2021,5559,7642
Tuesday,11/16/2021,5519,7483
Wednesday,11/17/2021,7469,6616
Thursday,11/18/2021,4757,6096
Friday,11/19/2021,5856,5552
Saturday,11/20/2021,3631,2826
Sunday,11/21/2021,3511,3208
Monday,11/22/2021,5396,5660
Tuesday,11/23/2021,9970,5048
Wednesday,11/24/2021,7264,4075
Thursday,11/25/2021,3962,2137
Friday,11/26/2021,12769,3494
Saturday,11/27/2021,5195,3594
Sunday,11/28/2021,4757,4074
Monday,11/29/2021,7072,7786
Tuesday,11/30/2021,7267,8022
Wednesday,12/1/2021,6379,7705
Thursday,12/2/2021,8262,6824
Friday,12/3/2021,4903,5412
Saturday,12/4/2021,5789,3661
Sunday,12/5/2021,4052,4053
Monday,12/6/2021,5098,6465
Tuesday,12/7/2021,5148,6310
Wednesday,12/8/2021,5646,6677
Thursday,12/9/2021,5961,6472
Friday,12/10/2021,4315,4858
Saturday,12/11/2021,3333,3170
Sunday,12/12/2021,4087,3873
Monday,12/13/2021,5286,6464
Tuesday,12/14/2021,5306,6631
Wednesday,12/15/2021,5832,7013
Thursday,12/16/2021,4589,5595
Friday,12/17/2021,3878,4122
Saturday,12/18/2021,5387,2615
Sunday,12/19/2021,3088,2458
Monday,12/20/2021,4101,3456
Tuesday,12/21/2021,3412,3118
Wednesday,12/22/2021,2996,3043
Thursday,12/23/2021,2584,2567
Friday,12/24/2021,1934,1473
Saturday,12/25/2021,1814,1230
Sunday,12/26/2021,2723,1893
Monday,12/27/2021,4182,3707
Tuesday,12/28/2021,4360,3930
Wednesday,12/29/2021,3930,3857
Thursday,12/30/2021,4820,4291
Friday,12/31/2021,3467,3235
Saturday,1/1/2022,3070,2993
Sunday,1/2/2022,3024,2707
Monday,1/3/2022,4196,5001
Tuesday,1/4/2022,4503,4756
Wednesday,1/5/2022,4322,4735
Thursday,1/6/2022,4775,4911
Friday,1/7/2022,4358,4917
Saturday,1/8/2022,4101,3442
Sunday,1/9/2022,3820,3823
Monday,1/10/2022,4795,6795
Tuesday,1/11/2022,4846,7359
Wednesday,1/12/2022,4682,6860
Thursday,1/13/2022,6437,6604
Friday,1/14/2022,4622,5711
Saturday,1/15/2022,3585,3170
Sunday,1/16/2022,3138,3272
Monday,1/17/2022,3993,4482
Tuesday,1/18/2022,5139,7461
Wednesday,1/19/2022,4895,6897
Thursday,1/20/2022,5426,6830
Friday,1/21/2022,5015,5609
Saturday,1/22/2022,3624,3235
Sunday,1/23/2022,4955,3752
Monday,1/24/2022,6777,6813
Tuesday,1/25/2022,5805,6468
Wednesday,1/26/2022,5658,6295
Thursday,1/27/2022,6163,6084
Friday,1/28/2022,5130,5373
Saturday,1/29/2022,4261,3122
Sunday,1/30/2022,3651,3581
Monday,1/31/2022,5323,6383
Tuesday,2/1/2022,5219,6171
Wednesday,2/2/2022,5055,5750
Thursday,2/3/2022,5418,5886
Friday,2/4/2022,4120,4807
Saturday,2/5/2022,4950,3058
Sunday,2/6/2022,3358,3680
Monday,2/7/2022,4766,6429
Tuesday,2/8/2022,5550,6247
Wednesday,2/9/2022,5157,6683
Thursday,2/10/2022,4967,6037
Friday,2/11/2022,4175,4984
Saturday,2/12/2022,4489,3486
Sunday,2/13/2022,3218,3242
Monday,2/14/2022,6030,6938
Tuesday,2/15/2022,11843,11611
Wednesday,2/16/2022,8164,10572
Thursday,2/17/2022,6908,7901
Friday,2/18/2022,5836,6566
Saturday,2/19/2022,5639,4433
Sunday,2/20/2022,4043,3922
Monday,2/21/2022,5000,4914
Tuesday,2/22/2022,5702,6902
Wednesday,2/23/2022,5875,6798
Thursday,2/24/2022,6839,6493
Friday,2/25/2022,5556,5321
Saturday,2/26/2022,8323,4120
Sunday,2/27/2022,4975,4263
Monday,2/28/2022,5959,6984
Tuesday,3/1/2022,5416,6734
Wednesday,3/2/2022,5503,6638
Thursday,3/3/2022,9139,8108
Friday,3/4/2022,5371,5053
Saturday,3/5/2022,4190,3161
Sunday,3/6/2022,4038,3125
Monday,3/7/2022,8144,5201
Tuesday,3/8/2022,9686,5874
Wednesday,3/9/2022,5391,4837
Thursday,3/10/2022,5407,4859
Friday,3/11/2022,4820,4024
Saturday,3/12/2022,4605,2845
Sunday,3/13/2022,7033,3880
Monday,3/14/2022,9582,7225
Tuesday,3/15/2022,9394,7332
Wednesday,3/16/2022,10275,6992
Thursday,3/17/2022,24047,8757
Friday,3/18/2022,13074,7131
Saturday,3/19/2022,36888,7046
Sunday,3/20/2022,12017,8230
Monday,3/21/2022,8962,9049
Tuesday,3/22/2022,7126,7677
Wednesday,3/23/2022,104,93
